name,accuracy,auc,logloss,annotator_time,abstract_planner_time,logical_planner_time,workflow_builder_time,translator_time,execution_time,plan
Adaboostclassifier Component 0,0.5258720930232558,0.5367370163220424,0.7060259105160951,0.7893422001507133,46.784601599909365,273.76396260014735,101.32575570000336,125.33838819991797,8.625944999977946,"['component-csv_reader_component', 'component-data_partition_component', 'component-adaboostclassifier_component', 'component-adaboostclassifier_applier_component', 'component-data_writer_component']"
Baggingclassifier Component 0,0.9852574750830565,0.9991793753623388,0.21587405678004287,0.7893422001507133,46.784601599909365,273.76396260014735,101.32575570000336,125.33838819991797,9.924556700047106,"['component-csv_reader_component', 'component-data_partition_component', 'component-baggingclassifier_component', 'component-baggingclassifier_applier_component', 'component-data_writer_component']"
Bernoullinb Component 0,0.5114202657807309,0.5000830960648901,0.6928642899798111,0.7893422001507133,46.784601599909365,273.76396260014735,101.32575570000336,125.33838819991797,3.9117036000825465,"['component-csv_reader_component', 'component-data_partition_component', 'component-binarizer_component', 'component-bernoullinb_component', 'component-binarizer_applier_component', 'component-bernoullinb_applier_component', 'component-data_writer_component']"
Bernoullinb Component 1,0.8256644518272426,0.9100429359562371,0.38013726806490516,0.7893422001507133,46.784601599909365,273.76396260014735,101.32575570000336,125.33838819991797,514.7984823000152,"['component-csv_reader_component', 'component-data_partition_component', 'component-onehotencoder_component', 'component-bernoullinb_component', 'component-onehotencoder_applier_component', 'component-bernoullinb_applier_component', 'component-data_writer_component']"
Bernoullinb Component 2,-1,-1,-1,0.7893422001507133,46.784601599909365,273.76396260014735,101.32575570000336,125.33838819991797,7.562368100043386,"['component-csv_reader_component', 'component-data_partition_component', 'component-randomtreesembedding_component', 'component-bernoullinb_component', 'component-randomtreesembedding_applier_component', 'component-bernoullinb_applier_component', 'component-data_writer_component']"
Calibratedclassifiercv Component 0,0.5307724252491695,0.5420432515412534,0.6902733913095982,0.7893422001507133,46.784601599909365,273.76396260014735,101.32575570000336,125.33838819991797,6.350639799842611,"['component-csv_reader_component', 'component-data_partition_component', 'component-calibratedclassifiercv_component', 'component-calibratedclassifiercv_applier_component', 'component-data_writer_component']"
Categoricalnb Component 0,-1,-1,-1,0.7893422001507133,46.784601599909365,273.76396260014735,101.32575570000336,125.33838819991797,3.903126899851486,"['component-csv_reader_component', 'component-data_partition_component', 'component-kbinsdiscretizer_component', 'component-categoricalnb_component', 'component-kbinsdiscretizer_applier_component', 'component-categoricalnb_applier_component', 'component-data_writer_component']"
Complementnb Component 0,0.5167358803986711,0.5240182216961347,0.6925198348209775,0.7893422001507133,46.784601599909365,273.76396260014735,101.32575570000336,125.33838819991797,4.423634100006893,"['component-csv_reader_component', 'component-data_partition_component', 'component-complementnb_component', 'component-complementnb_applier_component', 'component-data_writer_component']"
Decisiontreeclassifier Component 0,1.0,1.0,2.220446049250313e-16,0.7893422001507133,46.784601599909365,273.76396260014735,101.32575570000336,125.33838819991797,5.619759399909526,"['component-csv_reader_component', 'component-data_partition_component', 'component-decisiontreeclassifier_component', 'component-decisiontreeclassifier_applier_component', 'component-data_writer_component']"
Dummyclassifier Component 0,0.5105897009966778,0.5,0.6929228802548365,0.7893422001507133,46.784601599909365,273.76396260014735,101.32575570000336,125.33838819991797,4.417639600113034,"['component-csv_reader_component', 'component-data_partition_component', 'component-dummyclassifier_component', 'component-dummyclassifier_applier_component', 'component-data_writer_component']"
Extratreeclassifier Component 0,1.0,1.0,2.220446049250313e-16,0.7893422001507133,46.784601599909365,273.76396260014735,101.32575570000336,125.33838819991797,4.734417099971324,"['component-csv_reader_component', 'component-data_partition_component', 'component-extratreeclassifier_component', 'component-extratreeclassifier_applier_component', 'component-data_writer_component']"
Extratreesclassifier Component 0,1.0,1.0,2.220446049250313e-16,0.7893422001507133,46.784601599909365,273.76396260014735,101.32575570000336,125.33838819991797,9.242307200096548,"['component-csv_reader_component', 'component-data_partition_component', 'component-extratreesclassifier_component', 'component-extratreesclassifier_applier_component', 'component-data_writer_component']"
Gaussiannb Component 0,0.5188953488372093,0.5339851265555953,0.7019427511869846,0.7893422001507133,46.784601599909365,273.76396260014735,101.32575570000336,125.33838819991797,4.219419600209221,"['component-csv_reader_component', 'component-data_partition_component', 'component-gaussiannb_component', 'component-gaussiannb_applier_component', 'component-data_writer_component']"
Gaussianprocessclassifier Component 0,-1,-1,-1,0.7893422001507133,46.784601599909365,273.76396260014735,101.32575570000336,125.33838819991797,200.26023620017804,"['component-csv_reader_component', 'component-data_partition_component', 'component-minmaxscaler_component', 'component-gaussianprocessclassifier_component', 'component-minmaxscaler_applier_component', 'component-gaussianprocessclassifier_applier_component', 'component-data_writer_component']"
Gaussianprocessclassifier Component 1,-1,-1,-1,0.7893422001507133,46.784601599909365,273.76396260014735,101.32575570000336,125.33838819991797,279.9115172000602,"['component-csv_reader_component', 'component-data_partition_component', 'component-quantiletransformer_component', 'component-gaussianprocessclassifier_component', 'component-quantiletransformer_applier_component', 'component-gaussianprocessclassifier_applier_component', 'component-data_writer_component']"
Gaussianprocessclassifier Component 2,-1,-1,-1,0.7893422001507133,46.784601599909365,273.76396260014735,101.32575570000336,125.33838819991797,376.93579929997213,"['component-csv_reader_component', 'component-data_partition_component', 'component-maxabsscaler_component', 'component-gaussianprocessclassifier_component', 'component-maxabsscaler_applier_component', 'component-gaussianprocessclassifier_applier_component', 'component-data_writer_component']"
Gaussianprocessclassifier Component 3,-1,-1,-1,0.7893422001507133,46.784601599909365,273.76396260014735,101.32575570000336,125.33838819991797,306.65405239979737,"['component-csv_reader_component', 'component-data_partition_component', 'component-normalizer_component', 'component-gaussianprocessclassifier_component', 'component-normalizer_applier_component', 'component-gaussianprocessclassifier_applier_component', 'component-data_writer_component']"
Gaussianprocessclassifier Component 4,-1,-1,-1,0.7893422001507133,46.784601599909365,273.76396260014735,101.32575570000336,125.33838819991797,287.2343355999328,"['component-csv_reader_component', 'component-data_partition_component', 'component-robustscaler_component', 'component-gaussianprocessclassifier_component', 'component-robustscaler_applier_component', 'component-gaussianprocessclassifier_applier_component', 'component-data_writer_component']"
Gradientboostingclassifier Component 0,0.5977574750830564,0.6417677988665924,0.6740241081130098,0.7893422001507133,46.784601599909365,273.76396260014735,101.32575570000336,125.33838819991797,16.068909799912944,"['component-csv_reader_component', 'component-data_partition_component', 'component-gradientboostingclassifier_component', 'component-gradientboostingclassifier_applier_component', 'component-data_writer_component']"
Histgradientboostingclassifier Component 0,0.5944352159468439,0.6382947859922996,0.6804085723556385,0.7893422001507133,46.784601599909365,273.76396260014735,101.32575570000336,125.33838819991797,7.335526800015941,"['component-csv_reader_component', 'component-data_partition_component', 'component-histgradientboostingclassifier_component', 'component-histgradientboostingclassifier_applier_component', 'component-data_writer_component']"
Kneighborsclassifier Component 0,0.6900332225913621,0.7523526319212169,0.5705763930065569,0.7893422001507133,46.784601599909365,273.76396260014735,101.32575570000336,125.33838819991797,7.91193119995296,"['component-csv_reader_component', 'component-data_partition_component', 'component-minmaxscaler_component', 'component-kneighborsclassifier_component', 'component-minmaxscaler_applier_component', 'component-kneighborsclassifier_applier_component', 'component-data_writer_component']"
Kneighborsclassifier Component 1,0.6913205980066445,0.7513526634024088,0.571646404334868,0.7893422001507133,46.784601599909365,273.76396260014735,101.32575570000336,125.33838819991797,7.293152200058103,"['component-csv_reader_component', 'component-data_partition_component', 'component-quantiletransformer_component', 'component-kneighborsclassifier_component', 'component-quantiletransformer_applier_component', 'component-kneighborsclassifier_applier_component', 'component-data_writer_component']"
Kneighborsclassifier Component 2,0.6927740863787375,0.7522734048981685,0.57126569008489,0.7893422001507133,46.784601599909365,273.76396260014735,101.32575570000336,125.33838819991797,7.162272499874234,"['component-csv_reader_component', 'component-data_partition_component', 'component-maxabsscaler_component', 'component-kneighborsclassifier_component', 'component-maxabsscaler_applier_component', 'component-kneighborsclassifier_applier_component', 'component-data_writer_component']"
Kneighborsclassifier Component 3,0.6824750830564784,0.7424258729280869,0.5795576395496109,0.7893422001507133,46.784601599909365,273.76396260014735,101.32575570000336,125.33838819991797,6.832672700053081,"['component-csv_reader_component', 'component-data_partition_component', 'component-normalizer_component', 'component-kneighborsclassifier_component', 'component-normalizer_applier_component', 'component-kneighborsclassifier_applier_component', 'component-data_writer_component']"
Kneighborsclassifier Component 4,0.6912790697674419,0.7507445831852245,0.5728003382860092,0.7893422001507133,46.784601599909365,273.76396260014735,101.32575570000336,125.33838819991797,6.843478699913248,"['component-csv_reader_component', 'component-data_partition_component', 'component-robustscaler_component', 'component-kneighborsclassifier_component', 'component-robustscaler_applier_component', 'component-kneighborsclassifier_applier_component', 'component-data_writer_component']"
Labelpropagation Component 0,0.9999169435215947,0.999999944811052,0.025387323569796227,0.7893422001507133,46.784601599909365,273.76396260014735,101.32575570000336,125.33838819991797,216.1344673000276,"['component-csv_reader_component', 'component-data_partition_component', 'component-minmaxscaler_component', 'component-labelpropagation_component', 'component-minmaxscaler_applier_component', 'component-labelpropagation_applier_component', 'component-data_writer_component']"
Labelpropagation Component 1,0.9999169435215947,0.9999999723923955,0.02581448451070011,0.7893422001507133,46.784601599909365,273.76396260014735,101.32575570000336,125.33838819991797,522.7756107000168,"['component-csv_reader_component', 'component-data_partition_component', 'component-quantiletransformer_component', 'component-labelpropagation_component', 'component-quantiletransformer_applier_component', 'component-labelpropagation_applier_component', 'component-data_writer_component']"
Labelpropagation Component 2,0.9999584717607973,0.9999999793004911,0.026070410198244378,0.7893422001507133,46.784601599909365,273.76396260014735,101.32575570000336,125.33838819991797,274.57408540020697,"['component-csv_reader_component', 'component-data_partition_component', 'component-maxabsscaler_component', 'component-labelpropagation_component', 'component-maxabsscaler_applier_component', 'component-labelpropagation_applier_component', 'component-data_writer_component']"
Labelpropagation Component 3,0.9998338870431893,0.9999999586016681,0.059752266086731384,0.7893422001507133,46.784601599909365,273.76396260014735,101.32575570000336,125.33838819991797,242.69142659986392,"['component-csv_reader_component', 'component-data_partition_component', 'component-normalizer_component', 'component-labelpropagation_component', 'component-normalizer_applier_component', 'component-labelpropagation_applier_component', 'component-data_writer_component']"
Labelpropagation Component 4,1.0,1.0,0.00701376748605004,0.7893422001507133,46.784601599909365,273.76396260014735,101.32575570000336,125.33838819991797,222.259392300155,"['component-csv_reader_component', 'component-data_partition_component', 'component-robustscaler_component', 'component-labelpropagation_component', 'component-robustscaler_applier_component', 'component-labelpropagation_applier_component', 'component-data_writer_component']"
Labelspreading Component 0,0.9997093023255814,0.9999996826688904,0.09919962623630639,0.7893422001507133,46.784601599909365,273.76396260014735,101.32575570000336,125.33838819991797,374.0872605999466,"['component-csv_reader_component', 'component-data_partition_component', 'component-minmaxscaler_component', 'component-labelspreading_component', 'component-minmaxscaler_applier_component', 'component-labelspreading_applier_component', 'component-data_writer_component']"
Labelspreading Component 1,0.9999169435215947,1.0,0.09960841830347576,0.7893422001507133,46.784601599909365,273.76396260014735,101.32575570000336,125.33838819991797,366.9772541001439,"['component-csv_reader_component', 'component-data_partition_component', 'component-quantiletransformer_component', 'component-labelspreading_component', 'component-quantiletransformer_applier_component', 'component-labelspreading_applier_component', 'component-data_writer_component']"
Labelspreading Component 2,0.9998338870431893,0.9999997102536574,0.0997873779879037,0.7893422001507133,46.784601599909365,273.76396260014735,101.32575570000336,125.33838819991797,365.0577353001572,"['component-csv_reader_component', 'component-data_partition_component', 'component-maxabsscaler_component', 'component-labelspreading_component', 'component-maxabsscaler_applier_component', 'component-labelspreading_applier_component', 'component-data_writer_component']"
Labelspreading Component 3,0.9988372093023256,0.9999948458098131,0.1361870732815332,0.7893422001507133,46.784601599909365,273.76396260014735,101.32575570000336,125.33838819991797,396.9128252000082,"['component-csv_reader_component', 'component-data_partition_component', 'component-normalizer_component', 'component-labelspreading_component', 'component-normalizer_applier_component', 'component-labelspreading_applier_component', 'component-data_writer_component']"
Labelspreading Component 4,0.9999584717607973,1.0,0.07683550820663951,0.7893422001507133,46.784601599909365,273.76396260014735,101.32575570000336,125.33838819991797,623.7114164000377,"['component-csv_reader_component', 'component-data_partition_component', 'component-robustscaler_component', 'component-labelspreading_component', 'component-robustscaler_applier_component', 'component-labelspreading_applier_component', 'component-data_writer_component']"
Lineardiscriminantanalysis Component 0,0.5262458471760797,0.5386968729282606,0.6907012635965729,0.7893422001507133,46.784601599909365,273.76396260014735,101.32575570000336,125.33838819991797,5.603352499892935,"['component-csv_reader_component', 'component-data_partition_component', 'component-maxabsscaler_component', 'component-lineardiscriminantanalysis_component', 'component-maxabsscaler_applier_component', 'component-lineardiscriminantanalysis_applier_component', 'component-data_writer_component']"
Lineardiscriminantanalysis Component 1,0.5247093023255814,0.5391156512329939,0.6906253091011706,0.7893422001507133,46.784601599909365,273.76396260014735,101.32575570000336,125.33838819991797,4.7071565999649465,"['component-csv_reader_component', 'component-data_partition_component', 'component-normalizer_component', 'component-lineardiscriminantanalysis_component', 'component-normalizer_applier_component', 'component-lineardiscriminantanalysis_applier_component', 'component-data_writer_component']"
Lineardiscriminantanalysis Component 2,0.5284053156146179,0.5349551180375689,0.6910090271694227,0.7893422001507133,46.784601599909365,273.76396260014735,101.32575570000336,125.33838819991797,4.392722300020978,"['component-csv_reader_component', 'component-data_partition_component', 'component-robustscaler_component', 'component-lineardiscriminantanalysis_component', 'component-robustscaler_applier_component', 'component-lineardiscriminantanalysis_applier_component', 'component-data_writer_component']"
Linearsvc Component 0,0.5259966777408638,-1,-1,0.7893422001507133,46.784601599909365,273.76396260014735,101.32575570000336,125.33838819991797,3.994928899919614,"['component-csv_reader_component', 'component-data_partition_component', 'component-minmaxscaler_component', 'component-linearsvc_component', 'component-minmaxscaler_applier_component', 'component-linearsvc_applier_component', 'component-data_writer_component']"
Linearsvc Component 1,0.528156146179402,-1,-1,0.7893422001507133,46.784601599909365,273.76396260014735,101.32575570000336,125.33838819991797,3.792236699955538,"['component-csv_reader_component', 'component-data_partition_component', 'component-quantiletransformer_component', 'component-linearsvc_component', 'component-quantiletransformer_applier_component', 'component-linearsvc_applier_component', 'component-data_writer_component']"
Linearsvc Component 2,0.522217607973422,-1,-1,0.7893422001507133,46.784601599909365,273.76396260014735,101.32575570000336,125.33838819991797,3.6228587001096457,"['component-csv_reader_component', 'component-data_partition_component', 'component-maxabsscaler_component', 'component-linearsvc_component', 'component-maxabsscaler_applier_component', 'component-linearsvc_applier_component', 'component-data_writer_component']"
Linearsvc Component 3,0.52171926910299,-1,-1,0.7893422001507133,46.784601599909365,273.76396260014735,101.32575570000336,125.33838819991797,3.8142310997936875,"['component-csv_reader_component', 'component-data_partition_component', 'component-normalizer_component', 'component-linearsvc_component', 'component-normalizer_applier_component', 'component-linearsvc_applier_component', 'component-data_writer_component']"
Linearsvc Component 4,0.5296926910299004,-1,-1,0.7893422001507133,46.784601599909365,273.76396260014735,101.32575570000336,125.33838819991797,3.6132162001449615,"['component-csv_reader_component', 'component-data_partition_component', 'component-robustscaler_component', 'component-linearsvc_component', 'component-robustscaler_applier_component', 'component-linearsvc_applier_component', 'component-data_writer_component']"
Logisticregression Component 0,0.5286544850498339,0.5375956084091701,0.6907370988511121,0.7893422001507133,46.784601599909365,273.76396260014735,101.32575570000336,125.33838819991797,3.65909059997648,"['component-csv_reader_component', 'component-data_partition_component', 'component-minmaxscaler_component', 'component-logisticregression_component', 'component-minmaxscaler_applier_component', 'component-logisticregression_applier_component', 'component-data_writer_component']"
Logisticregression Component 1,0.5261212624584718,0.5380449262444296,0.6908394811568729,0.7893422001507133,46.784601599909365,273.76396260014735,101.32575570000336,125.33838819991797,3.8987652000505477,"['component-csv_reader_component', 'component-data_partition_component', 'component-quantiletransformer_component', 'component-logisticregression_component', 'component-quantiletransformer_applier_component', 'component-logisticregression_applier_component', 'component-data_writer_component']"
Logisticregression Component 2,0.5256644518272425,0.5346206048276159,0.6912246827928537,0.7893422001507133,46.784601599909365,273.76396260014735,101.32575570000336,125.33838819991797,3.5830253998283297,"['component-csv_reader_component', 'component-data_partition_component', 'component-maxabsscaler_component', 'component-logisticregression_component', 'component-maxabsscaler_applier_component', 'component-logisticregression_applier_component', 'component-data_writer_component']"
Logisticregression Component 3,0.5294019933554818,0.5405456845433029,0.6904470423344106,0.7893422001507133,46.784601599909365,273.76396260014735,101.32575570000336,125.33838819991797,3.4715028000064194,"['component-csv_reader_component', 'component-data_partition_component', 'component-normalizer_component', 'component-logisticregression_component', 'component-normalizer_applier_component', 'component-logisticregression_applier_component', 'component-data_writer_component']"
Logisticregression Component 4,0.529734219269103,0.5401884601159953,0.6904552694909122,0.7893422001507133,46.784601599909365,273.76396260014735,101.32575570000336,125.33838819991797,3.704787600087002,"['component-csv_reader_component', 'component-data_partition_component', 'component-robustscaler_component', 'component-logisticregression_component', 'component-robustscaler_applier_component', 'component-logisticregression_applier_component', 'component-data_writer_component']"
Logisticregressioncv Component 0,0.5324750830564784,0.5383477142151935,0.6911943495526566,0.7893422001507133,46.784601599909365,273.76396260014735,101.32575570000336,125.33838819991797,3.928342199884355,"['component-csv_reader_component', 'component-data_partition_component', 'component-minmaxscaler_component', 'component-logisticregressioncv_component', 'component-minmaxscaler_applier_component', 'component-logisticregressioncv_applier_component', 'component-data_writer_component']"
Logisticregressioncv Component 1,0.5301910299003322,0.537391307336224,0.6908773605423646,0.7893422001507133,46.784601599909365,273.76396260014735,101.32575570000336,125.33838819991797,3.9582153998780996,"['component-csv_reader_component', 'component-data_partition_component', 'component-quantiletransformer_component', 'component-logisticregressioncv_component', 'component-quantiletransformer_applier_component', 'component-logisticregressioncv_applier_component', 'component-data_writer_component']"
Logisticregressioncv Component 2,0.5226328903654485,0.5320144411353043,0.6915489845109334,0.7893422001507133,46.784601599909365,273.76396260014735,101.32575570000336,125.33838819991797,4.001132500125095,"['component-csv_reader_component', 'component-data_partition_component', 'component-maxabsscaler_component', 'component-logisticregressioncv_component', 'component-maxabsscaler_applier_component', 'component-logisticregressioncv_applier_component', 'component-data_writer_component']"
Logisticregressioncv Component 3,0.526204318936877,0.5382053238808557,0.6908093097663498,0.7893422001507133,46.784601599909365,273.76396260014735,101.32575570000336,125.33838819991797,3.9033634001389146,"['component-csv_reader_component', 'component-data_partition_component', 'component-normalizer_component', 'component-logisticregressioncv_component', 'component-normalizer_applier_component', 'component-logisticregressioncv_applier_component', 'component-data_writer_component']"
Logisticregressioncv Component 4,0.531063122923588,0.538191054258101,0.6909648356693744,0.7893422001507133,46.784601599909365,273.76396260014735,101.32575570000336,125.33838819991797,3.999552199849859,"['component-csv_reader_component', 'component-data_partition_component', 'component-robustscaler_component', 'component-logisticregressioncv_component', 'component-robustscaler_applier_component', 'component-logisticregressioncv_applier_component', 'component-data_writer_component']"
Mlpclassifier Component 0,0.6044850498338871,0.6440966505677339,0.6608155551145629,0.7893422001507133,46.784601599909365,273.76396260014735,101.32575570000336,125.33838819991797,15.878849999979138,"['component-csv_reader_component', 'component-data_partition_component', 'component-minmaxscaler_component', 'component-mlpclassifier_component', 'component-minmaxscaler_applier_component', 'component-mlpclassifier_applier_component', 'component-data_writer_component']"
Mlpclassifier Component 1,0.5929401993355482,0.6353968204811682,0.6641177651757177,0.7893422001507133,46.784601599909365,273.76396260014735,101.32575570000336,125.33838819991797,21.812318899901584,"['component-csv_reader_component', 'component-data_partition_component', 'component-quantiletransformer_component', 'component-mlpclassifier_component', 'component-quantiletransformer_applier_component', 'component-mlpclassifier_applier_component', 'component-data_writer_component']"
Mlpclassifier Component 2,0.5892441860465116,0.6368252901633682,0.6659533541324348,0.7893422001507133,46.784601599909365,273.76396260014735,101.32575570000336,125.33838819991797,21.88352709985338,"['component-csv_reader_component', 'component-data_partition_component', 'component-maxabsscaler_component', 'component-mlpclassifier_component', 'component-maxabsscaler_applier_component', 'component-mlpclassifier_applier_component', 'component-data_writer_component']"
Mlpclassifier Component 3,0.5919019933554818,0.6315252604240358,0.6656843851931827,0.7893422001507133,46.784601599909365,273.76396260014735,101.32575570000336,125.33838819991797,17.487119700061157,"['component-csv_reader_component', 'component-data_partition_component', 'component-normalizer_component', 'component-mlpclassifier_component', 'component-normalizer_applier_component', 'component-mlpclassifier_applier_component', 'component-data_writer_component']"
Mlpclassifier Component 4,0.5990863787375416,0.6486760301395551,0.6607413970418601,0.7893422001507133,46.784601599909365,273.76396260014735,101.32575570000336,125.33838819991797,13.131480799987912,"['component-csv_reader_component', 'component-data_partition_component', 'component-robustscaler_component', 'component-mlpclassifier_component', 'component-robustscaler_applier_component', 'component-mlpclassifier_applier_component', 'component-data_writer_component']"
Multinomialnb Component 0,0.5170265780730897,0.5270939419633347,0.6921431639769304,0.7893422001507133,46.784601599909365,273.76396260014735,101.32575570000336,125.33838819991797,3.474384999834001,"['component-csv_reader_component', 'component-data_partition_component', 'component-multinomialnb_component', 'component-multinomialnb_applier_component', 'component-data_writer_component']"
Nearestcentroid Component 0,0.5193521594684385,0.5287499547104336,0.7216081285861061,0.7893422001507133,46.784601599909365,273.76396260014735,101.32575570000336,125.33838819991797,3.8364160999190062,"['component-csv_reader_component', 'component-data_partition_component', 'component-minmaxscaler_component', 'component-nearestcentroid_component', 'component-minmaxscaler_applier_component', 'component-nearestcentroid_applier_component', 'component-data_writer_component']"
Nearestcentroid Component 1,0.5206810631229236,0.5299676826814941,0.7241085339328786,0.7893422001507133,46.784601599909365,273.76396260014735,101.32575570000336,125.33838819991797,3.456614000024274,"['component-csv_reader_component', 'component-data_partition_component', 'component-quantiletransformer_component', 'component-nearestcentroid_component', 'component-quantiletransformer_applier_component', 'component-nearestcentroid_applier_component', 'component-data_writer_component']"
Nearestcentroid Component 2,0.5224252491694352,0.5292411299361754,0.7217724541874249,0.7893422001507133,46.784601599909365,273.76396260014735,101.32575570000336,125.33838819991797,3.474315899889916,"['component-csv_reader_component', 'component-data_partition_component', 'component-maxabsscaler_component', 'component-nearestcentroid_component', 'component-maxabsscaler_applier_component', 'component-nearestcentroid_applier_component', 'component-data_writer_component']"
Nearestcentroid Component 3,0.5196428571428572,0.5269434687265825,0.725363030468745,0.7893422001507133,46.784601599909365,273.76396260014735,101.32575570000336,125.33838819991797,3.526696899905801,"['component-csv_reader_component', 'component-data_partition_component', 'component-normalizer_component', 'component-nearestcentroid_component', 'component-normalizer_applier_component', 'component-nearestcentroid_applier_component', 'component-data_writer_component']"
Nearestcentroid Component 4,0.5191029900332226,0.5296580132821751,0.7223580661194999,0.7893422001507133,46.784601599909365,273.76396260014735,101.32575570000336,125.33838819991797,3.431870099855587,"['component-csv_reader_component', 'component-data_partition_component', 'component-robustscaler_component', 'component-nearestcentroid_component', 'component-robustscaler_applier_component', 'component-nearestcentroid_applier_component', 'component-data_writer_component']"
Nusvc Component 0,0.9223006644518272,-1,-1,0.7893422001507133,46.784601599909365,273.76396260014735,101.32575570000336,125.33838819991797,577.9618134999182,"['component-csv_reader_component', 'component-data_partition_component', 'component-minmaxscaler_component', 'component-nusvc_component', 'component-minmaxscaler_applier_component', 'component-nusvc_applier_component', 'component-data_writer_component']"
Nusvc Component 1,0.9223837209302326,-1,-1,0.7893422001507133,46.784601599909365,273.76396260014735,101.32575570000336,125.33838819991797,623.8106472000945,"['component-csv_reader_component', 'component-data_partition_component', 'component-quantiletransformer_component', 'component-nusvc_component', 'component-quantiletransformer_applier_component', 'component-nusvc_applier_component', 'component-data_writer_component']"
Nusvc Component 2,0.9223006644518272,-1,-1,0.7893422001507133,46.784601599909365,273.76396260014735,101.32575570000336,125.33838819991797,1269.2813732998911,"['component-csv_reader_component', 'component-data_partition_component', 'component-maxabsscaler_component', 'component-nusvc_component', 'component-maxabsscaler_applier_component', 'component-nusvc_applier_component', 'component-data_writer_component']"
Nusvc Component 3,0.9143687707641196,-1,-1,0.7893422001507133,46.784601599909365,273.76396260014735,101.32575570000336,125.33838819991797,2969.867065700004,"['component-csv_reader_component', 'component-data_partition_component', 'component-normalizer_component', 'component-nusvc_component', 'component-normalizer_applier_component', 'component-nusvc_applier_component', 'component-data_writer_component']"
Nusvc Component 4,0.9125830564784053,-1,-1,0.7893422001507133,46.784601599909365,273.76396260014735,101.32575570000336,125.33838819991797,854.6151666999795,"['component-csv_reader_component', 'component-data_partition_component', 'component-robustscaler_component', 'component-nusvc_component', 'component-robustscaler_applier_component', 'component-nusvc_applier_component', 'component-data_writer_component']"
Passiveaggressiveclassifier Component 0,0.5051910299003323,-1,-1,0.7893422001507133,46.784601599909365,273.76396260014735,101.32575570000336,125.33838819991797,3.695964900078252,"['component-csv_reader_component', 'component-data_partition_component', 'component-minmaxscaler_component', 'component-passiveaggressiveclassifier_component', 'component-minmaxscaler_applier_component', 'component-passiveaggressiveclassifier_applier_component', 'component-data_writer_component']"
Passiveaggressiveclassifier Component 1,0.5093023255813953,-1,-1,0.7893422001507133,46.784601599909365,273.76396260014735,101.32575570000336,125.33838819991797,3.495987999951467,"['component-csv_reader_component', 'component-data_partition_component', 'component-quantiletransformer_component', 'component-passiveaggressiveclassifier_component', 'component-quantiletransformer_applier_component', 'component-passiveaggressiveclassifier_applier_component', 'component-data_writer_component']"
Passiveaggressiveclassifier Component 2,0.5008305647840532,-1,-1,0.7893422001507133,46.784601599909365,273.76396260014735,101.32575570000336,125.33838819991797,3.4172032000496984,"['component-csv_reader_component', 'component-data_partition_component', 'component-maxabsscaler_component', 'component-passiveaggressiveclassifier_component', 'component-maxabsscaler_applier_component', 'component-passiveaggressiveclassifier_applier_component', 'component-data_writer_component']"
Passiveaggressiveclassifier Component 3,0.49946013289036545,-1,-1,0.7893422001507133,46.784601599909365,273.76396260014735,101.32575570000336,125.33838819991797,3.3414888998959213,"['component-csv_reader_component', 'component-data_partition_component', 'component-normalizer_component', 'component-passiveaggressiveclassifier_component', 'component-normalizer_applier_component', 'component-passiveaggressiveclassifier_applier_component', 'component-data_writer_component']"
Passiveaggressiveclassifier Component 4,0.49663621262458474,-1,-1,0.7893422001507133,46.784601599909365,273.76396260014735,101.32575570000336,125.33838819991797,3.4001515000127256,"['component-csv_reader_component', 'component-data_partition_component', 'component-robustscaler_component', 'component-passiveaggressiveclassifier_component', 'component-robustscaler_applier_component', 'component-passiveaggressiveclassifier_applier_component', 'component-data_writer_component']"
Radiusneighborsclassifier Component 0,0.5382059800664452,0.5574291401197596,0.6860395407321481,0.7893422001507133,46.784601599909365,273.76396260014735,101.32575570000336,125.33838819991797,8.494876999873668,"['component-csv_reader_component', 'component-data_partition_component', 'component-minmaxscaler_component', 'component-radiusneighborsclassifier_component', 'component-minmaxscaler_applier_component', 'component-radiusneighborsclassifier_applier_component', 'component-data_writer_component']"
Radiusneighborsclassifier Component 1,0.5344269102990034,0.5562458387034241,0.6861768287773162,0.7893422001507133,46.784601599909365,273.76396260014735,101.32575570000336,125.33838819991797,8.046932899858803,"['component-csv_reader_component', 'component-data_partition_component', 'component-quantiletransformer_component', 'component-radiusneighborsclassifier_component', 'component-quantiletransformer_applier_component', 'component-radiusneighborsclassifier_applier_component', 'component-data_writer_component']"
Radiusneighborsclassifier Component 2,0.5307724252491695,0.550121773425374,0.6874965037263385,0.7893422001507133,46.784601599909365,273.76396260014735,101.32575570000336,125.33838819991797,7.427973300218582,"['component-csv_reader_component', 'component-data_partition_component', 'component-maxabsscaler_component', 'component-radiusneighborsclassifier_component', 'component-maxabsscaler_applier_component', 'component-radiusneighborsclassifier_applier_component', 'component-data_writer_component']"
Radiusneighborsclassifier Component 3,0.5303156146179402,0.5423649526389969,0.6902647650087647,0.7893422001507133,46.784601599909365,273.76396260014735,101.32575570000336,125.33838819991797,8.761450299993157,"['component-csv_reader_component', 'component-data_partition_component', 'component-normalizer_component', 'component-radiusneighborsclassifier_component', 'component-normalizer_applier_component', 'component-radiusneighborsclassifier_applier_component', 'component-data_writer_component']"
Radiusneighborsclassifier Component 4,0.5692691029900332,0.6057995613804357,0.6657057548948521,0.7893422001507133,46.784601599909365,273.76396260014735,101.32575570000336,125.33838819991797,7.03926600003615,"['component-csv_reader_component', 'component-data_partition_component', 'component-robustscaler_component', 'component-radiusneighborsclassifier_component', 'component-robustscaler_applier_component', 'component-radiusneighborsclassifier_applier_component', 'component-data_writer_component']"
Randomforestclassifier Component 0,1.0,0.9999999999999999,0.20368012192771742,0.7893422001507133,46.784601599909365,273.76396260014735,101.32575570000336,125.33838819991797,13.572241300018504,"['component-csv_reader_component', 'component-data_partition_component', 'component-randomforestclassifier_component', 'component-randomforestclassifier_applier_component', 'component-data_writer_component']"
Ridgeclassifier Component 0,0.5233803986710963,-1,-1,0.7893422001507133,46.784601599909365,273.76396260014735,101.32575570000336,125.33838819991797,3.4758178000338376,"['component-csv_reader_component', 'component-data_partition_component', 'component-minmaxscaler_component', 'component-ridgeclassifier_component', 'component-minmaxscaler_applier_component', 'component-ridgeclassifier_applier_component', 'component-data_writer_component']"
Ridgeclassifier Component 1,0.5240863787375415,-1,-1,0.7893422001507133,46.784601599909365,273.76396260014735,101.32575570000336,125.33838819991797,3.4455762000288814,"['component-csv_reader_component', 'component-data_partition_component', 'component-quantiletransformer_component', 'component-ridgeclassifier_component', 'component-quantiletransformer_applier_component', 'component-ridgeclassifier_applier_component', 'component-data_writer_component']"
Ridgeclassifier Component 2,0.5221345514950166,-1,-1,0.7893422001507133,46.784601599909365,273.76396260014735,101.32575570000336,125.33838819991797,3.4483960999641567,"['component-csv_reader_component', 'component-data_partition_component', 'component-maxabsscaler_component', 'component-ridgeclassifier_component', 'component-maxabsscaler_applier_component', 'component-ridgeclassifier_applier_component', 'component-data_writer_component']"
Ridgeclassifier Component 3,0.5237956810631229,-1,-1,0.7893422001507133,46.784601599909365,273.76396260014735,101.32575570000336,125.33838819991797,3.3348142001777887,"['component-csv_reader_component', 'component-data_partition_component', 'component-normalizer_component', 'component-ridgeclassifier_component', 'component-normalizer_applier_component', 'component-ridgeclassifier_applier_component', 'component-data_writer_component']"
Ridgeclassifier Component 4,0.5270764119601329,-1,-1,0.7893422001507133,46.784601599909365,273.76396260014735,101.32575570000336,125.33838819991797,3.4828056001570076,"['component-csv_reader_component', 'component-data_partition_component', 'component-robustscaler_component', 'component-ridgeclassifier_component', 'component-robustscaler_applier_component', 'component-ridgeclassifier_applier_component', 'component-data_writer_component']"
Ridgeclassifiercv Component 0,0.5269518272425249,-1,-1,0.7893422001507133,46.784601599909365,273.76396260014735,101.32575570000336,125.33838819991797,3.4051405999343842,"['component-csv_reader_component', 'component-data_partition_component', 'component-minmaxscaler_component', 'component-ridgeclassifiercv_component', 'component-minmaxscaler_applier_component', 'component-ridgeclassifiercv_applier_component', 'component-data_writer_component']"
Ridgeclassifiercv Component 1,0.5312707641196013,-1,-1,0.7893422001507133,46.784601599909365,273.76396260014735,101.32575570000336,125.33838819991797,3.4454610999673605,"['component-csv_reader_component', 'component-data_partition_component', 'component-quantiletransformer_component', 'component-ridgeclassifiercv_component', 'component-quantiletransformer_applier_component', 'component-ridgeclassifiercv_applier_component', 'component-data_writer_component']"
Ridgeclassifiercv Component 2,0.5286960132890366,-1,-1,0.7893422001507133,46.784601599909365,273.76396260014735,101.32575570000336,125.33838819991797,3.3325532998424023,"['component-csv_reader_component', 'component-data_partition_component', 'component-maxabsscaler_component', 'component-ridgeclassifiercv_component', 'component-maxabsscaler_applier_component', 'component-ridgeclassifiercv_applier_component', 'component-data_writer_component']"
Ridgeclassifiercv Component 3,0.5281146179401993,-1,-1,0.7893422001507133,46.784601599909365,273.76396260014735,101.32575570000336,125.33838819991797,3.3937150000128895,"['component-csv_reader_component', 'component-data_partition_component', 'component-normalizer_component', 'component-ridgeclassifiercv_component', 'component-normalizer_applier_component', 'component-ridgeclassifiercv_applier_component', 'component-data_writer_component']"
Ridgeclassifiercv Component 4,0.5232973421926911,-1,-1,0.7893422001507133,46.784601599909365,273.76396260014735,101.32575570000336,125.33838819991797,3.497975500067696,"['component-csv_reader_component', 'component-data_partition_component', 'component-robustscaler_component', 'component-ridgeclassifiercv_component', 'component-robustscaler_applier_component', 'component-ridgeclassifiercv_applier_component', 'component-data_writer_component']"
Selftrainingclassifier Component 0,-1,-1,-1,0.7893422001507133,46.784601599909365,273.76396260014735,101.32575570000336,125.33838819991797,3.0998322998639196,"['component-csv_reader_component', 'component-data_partition_component', 'component-selftrainingclassifier_component', 'component-selftrainingclassifier_applier_component', 'component-data_writer_component']"
Sgdclassifier Component 0,0.5120431893687708,-1,-1,0.7893422001507133,46.784601599909365,273.76396260014735,101.32575570000336,125.33838819991797,3.3392501999624074,"['component-csv_reader_component', 'component-data_partition_component', 'component-minmaxscaler_component', 'component-sgdclassifier_component', 'component-minmaxscaler_applier_component', 'component-sgdclassifier_applier_component', 'component-data_writer_component']"
Sgdclassifier Component 1,0.5196843853820599,-1,-1,0.7893422001507133,46.784601599909365,273.76396260014735,101.32575570000336,125.33838819991797,3.425806500017643,"['component-csv_reader_component', 'component-data_partition_component', 'component-quantiletransformer_component', 'component-sgdclassifier_component', 'component-quantiletransformer_applier_component', 'component-sgdclassifier_applier_component', 'component-data_writer_component']"
Sgdclassifier Component 2,0.5117109634551495,-1,-1,0.7893422001507133,46.784601599909365,273.76396260014735,101.32575570000336,125.33838819991797,3.6143561999779195,"['component-csv_reader_component', 'component-data_partition_component', 'component-maxabsscaler_component', 'component-sgdclassifier_component', 'component-maxabsscaler_applier_component', 'component-sgdclassifier_applier_component', 'component-data_writer_component']"
Sgdclassifier Component 3,0.510921926910299,-1,-1,0.7893422001507133,46.784601599909365,273.76396260014735,101.32575570000336,125.33838819991797,3.387569800019264,"['component-csv_reader_component', 'component-data_partition_component', 'component-normalizer_component', 'component-sgdclassifier_component', 'component-normalizer_applier_component', 'component-sgdclassifier_applier_component', 'component-data_writer_component']"
Sgdclassifier Component 4,0.5186461794019933,-1,-1,0.7893422001507133,46.784601599909365,273.76396260014735,101.32575570000336,125.33838819991797,3.431655399966985,"['component-csv_reader_component', 'component-data_partition_component', 'component-robustscaler_component', 'component-sgdclassifier_component', 'component-robustscaler_applier_component', 'component-sgdclassifier_applier_component', 'component-data_writer_component']"
Svc Component 0,0.598297342192691,-1,-1,0.7893422001507133,46.784601599909365,273.76396260014735,101.32575570000336,125.33838819991797,60.362494400003925,"['component-csv_reader_component', 'component-data_partition_component', 'component-minmaxscaler_component', 'component-svc_component', 'component-minmaxscaler_applier_component', 'component-svc_applier_component', 'component-data_writer_component']"
Svc Component 1,0.5915697674418605,-1,-1,0.7893422001507133,46.784601599909365,273.76396260014735,101.32575570000336,125.33838819991797,61.185936900088564,"['component-csv_reader_component', 'component-data_partition_component', 'component-quantiletransformer_component', 'component-svc_component', 'component-quantiletransformer_applier_component', 'component-svc_applier_component', 'component-data_writer_component']"
Svc Component 2,0.6007059800664452,-1,-1,0.7893422001507133,46.784601599909365,273.76396260014735,101.32575570000336,125.33838819991797,56.003866399871185,"['component-csv_reader_component', 'component-data_partition_component', 'component-maxabsscaler_component', 'component-svc_component', 'component-maxabsscaler_applier_component', 'component-svc_applier_component', 'component-data_writer_component']"
Svc Component 3,0.5739617940199335,-1,-1,0.7893422001507133,46.784601599909365,273.76396260014735,101.32575570000336,125.33838819991797,60.717792000155896,"['component-csv_reader_component', 'component-data_partition_component', 'component-normalizer_component', 'component-svc_component', 'component-normalizer_applier_component', 'component-svc_applier_component', 'component-data_writer_component']"
Svc Component 4,0.5736295681063123,-1,-1,0.7893422001507133,46.784601599909365,273.76396260014735,101.32575570000336,125.33838819991797,62.07752440008335,"['component-csv_reader_component', 'component-data_partition_component', 'component-robustscaler_component', 'component-svc_component', 'component-robustscaler_applier_component', 'component-svc_applier_component', 'component-data_writer_component']"
